NOME,LATITUDE,LONGITUDE
HOSPITAL DE CAMPANHA COVID 19 JACAREI,-23.3029181,-45.9674523
FUNDACAO FACULDADE DE MEDICINAHCFMUSP INST DE PSIQUIATRIA SP,-23.5592549,-46.6707916
HC DA FMUSP HOSPITAL DAS CLINICAS SAO PAULO,-23.5577989,-46.6698598
HC DA FMUSP INSTITUTO DO CORACAO INCOR SAO PAULO,-23.556985,-46.668067
INSTITUTO DANTE PAZZANESE DE CARDIOLOGIA IDPC SAO PAULO,-23.5847819,-46.6507808
HOSPITAL DAS CLINICAS DA FACULDADE DE MEDICINA DE BOTUCATU,-22.8914655,-48.4963416
HOSPITAL REGIONAL DO VALE DO PARAIBA,-23.0293743,-45.5668312
HOSPITAL DAS CLINICAS FAEPA RIBEIRAO PRETO,-21.1628095,-47.8514871
HOSPITAL MUNICIPAL BRASILANDIA,-23.4761092,-46.6983834
HOSPITAL GUILHERME ALVARO SANTOS,-23.963225,-46.319539
HOSPITAL DE CAMPANHA COVID 19 CARAGUATATUBA,-23.6200504,-45.4120869
HOSPITAL MUNICIPAL DE SANTO ANTONIO DA ALEGRIA,-21.0895949,-47.15332679999999
HOSPITAL E MATERNIDADE DR ADONIRAN CORREIA CAMPOS MONGAGUA,-24.1133238,-46.6639669
HOSPITAL DE CAMPANHA RIBEIRAO PIRES,-23.7116426,-46.4123086
UNIDADE HOSPITALAR VILA GUILHERME,-23.5144031,-46.6074484
INSTITUTO DE REABILITACAO LUCY MONTORO,-23.6324087,-46.7355277
MATERNIDADE SANTA ISABEL,-22.3339012,-49.0653037
HOSP MUN JOSANIAS CASTANHA BRAGA,-23.8233342,-46.7263948
HOSPITAL DAS CLINICAS LUZIA DE PINHO MELO MOGI DAS CRUZES,-23.5105593,-46.19470949999999
INSTITUTO LAURO DE SOUZA LIMA BAURU,-22.3245419,-48.9826512
HOSPITAL MUNICIPAL DE QUELUZ,-22.5385257,-44.7728791
HOSPITAL ESTADUAL DE CAIEIRAS,-23.3666969,-46.7504909
HOSPITAL REGIONAL DE JUNDIAI,-23.1824286,-46.8899581
HOSP MUN DR IGNACIO PROENCA DE GOUVEA,-23.5719286,-46.59029810000001
HOSPITAL DE BASE DE BAURU,-22.3303361,-49.0768236
CAIS CLEMENTE FERREIRA DE LINS,-21.6366247,-49.7737651
UNIDADE HOSPITALAR M BOI MIRIM I,-23.6983898,-46.7793831
HOSP MUN TIDE SETUBAL,-23.4971734,-46.44032439999999
HOSPITAL INFANTIL DARCY VARGAS UGA III SAO PAULO,-23.5927921,-46.71092609999999
HOSPITAL SANTA TEREZA DE RIBEIRAO PRETO,-21.2058434,-47.8284618
HOSPITAL MUNICIPAL DE BERTIOGA,-23.8429362,-46.1396987
PAM POSTO DE ATENDIMENTO MEDICO BARRETO COVID 19,-23.609595,-46.7573283
HOSPITAL ESTADUAL AMERICO BRASILIENSE,-21.7410705,-48.12200180000001
HOSPITAL ESTADUAL DE RIB PRETO DR CARLOS EDUARDO MARTINELLI,-21.1694018,-47.8110855
HOSP MUN PROFESSOR DOUTOR ALIPIO CORREA NETTO,-23.4995673,-46.47253329999999
HOSP MUN MATERNIDADE PROFESSOR MARIO DEGNI,-23.5779741,-46.7647826
HOSP MUN JABAQUARA ARTUR RIBEIRO DE SABOYA,-23.6396479,-46.6505173
HOSP MUN INFANTIL MENINO JESUS,-23.5602284,-46.6473812
HOSPITAL DE CAMPANHA COVID 19 GUARATINGUETA,-22.8036913,-45.1859219
HOSPITAL DE RETAGUARDA DO JARDIM PAULISTA,-23.5416299,-46.8804074
HOSPITAL DE CAMPANHA COVID 19 FRANCO DA ROCHA,-23.3279532,-46.7244016
HOSPITAL MUNICIPAL DE SAO VICENTE,-23.9644989,-46.3873113
HOSPITAL LEITO IRMA ANETTE MARLENE FERNANDES DE MELLO,-23.6581489,-46.804745
HOSPITAL DE CAMPANHA COVID 19 GUARUJA,-23.9947975,-46.2568564
HOSPITAL GERAL DE VILA NOVA CACHOEIRINHA SAO PAULO,-23.4814904,-46.6724863
HOSPITAL UNIVERSITARIO DA USP SAO PAULO,-23.5649363,-46.7405751
HOSPITAL ESTADUAL DE SAPOPEMBA SAO PAULO,-23.6111145,-46.4928113
HOSPITAL LOCAL DE SAPOPEMBA,-23.6097317,-46.5138672
HOSPITAL GERAL SANTA MARCELINA DE ITAIM PAULISTA SAO PAULO,-23.4925928,-46.3890304
HOSPITAL MUNICIPAL DE BEBEDOURO JULIA PINTO CALDEIRA,-20.9346763,-48.496481
HOSPITAL DE CLINICAS SUL,-23.2378264,-45.90892789999999
HOSPITAL MUNICIPAL DR MARIO GATTI CAMPINAS,-22.9161093,-47.0685528
HOSPITAL GERAL PREFEITO MIGUEL MARTIN GUALDA DE PROMISSAO,-21.54195,-49.8607662
HOSPITAL ESTADUAL DE CAMPANHA COVID 19 BAURU,-22.3155297,-49.0708221
UNIDADE MISTA DE SAUDE DE TABOAO DA SERRA,-23.6286844,-46.7932558
CENTRO DE TRIAGEM COVID SAO CARLOS,-22.0123357,-47.8908108
HOSPITAL MUNICIPAL DE EMERGENCIAS ALBERT SABIN,-23.617587,-46.5566729
HOSPITAL ESTADUAL MARIO COVAS DE SANTO ANDRE,-23.6709183,-46.5331357
HOSPITAL GERAL DE ITAPEVI,-23.5377675,-46.942674
INSTITUTO DE INFECTOLOGIA EMILIO RIBAS SAO PAULO,-23.5558033,-46.6675382
HOSPITAL MUNICIPAL DE BARUERI DR FRANCISCO MORAN,-23.496963,-46.8721432
HU HOSPITAL UNIVERSITARIO,-38.9176068,-77.02079669999999
HOSPITAL DR LEO ORSI BERNARDES ITAPETININGA,-23.584582,-48.0451682
HOSPITAL SAO JOSE,-38.717764,-9.137453299999999
HOSPITAL DE CAMPANHA COVID 19 DR AKIRA TADA,-23.6152626,-46.7782153
UNIDADE RESPIRATORIA NOVA HORTOLANDIA,-22.8593197,-47.2081414
COMPLEXO MUNICIPAL DE SAUDE,-22.7431278,-45.6249349
HOSPITAL REGIONAL DE SOROCABA,-23.5267969,-47.518217
HOSPITAL DE CLINICAS MUNICIPAL,-23.7328552,-46.5788729
HOSPITAL MUNICIPAL FRANCISCO DE ASSIS RIBEIRAO PRETO,-21.1859484,-47.8430585
HOSP MUN DE MOGI DAS CRUZES PREF WALDEMAR COSTA FILHO,-23.5393849,-46.216729
HOSPITAL GERAL DE PEDREIRA,-23.6811512,-46.6764103
COMPLEXO HOSPITALAR PADRE BENTO DE GUARULHOS,-23.4650605,-46.5504633
HOSPITAL DR OSIRIS FLORINDO COELHO FERRAZ DE VASCONCELOS,-23.5381846,-46.3585281
COMPLEXO HOSPITALAR JUQUERY FRANCO DA ROCHA,-23.3366172,-46.7297178
HOSPITAL MATERNIDADE INTERLAGOS,-23.706896,-46.7019715
HOSPITAL ESTADUAL PROF CARLOS DA SILVA LACAZ FCO MORATO,-23.2840205,-46.746945
CAISM PHILIPPE PINEL SAO PAULO,-23.4856993,-46.7242995
HOSPITAL DE CLINICAS DE FRANCO DA ROCHA FRANCO DA ROCHA,-23.3340445,-46.7279502
HOSPITAL GERAL DE GUARULHOS PROF DR WALDEMAR DE CARVALHO,-23.4496563,-46.4951351
HOSPITAL GERAL DE ITAPECERICA DA SERRA,-23.7006555,-46.8479094
HOSPITAL DAS CLINICAS DA UNICAMP DE CAMPINAS,-22.8269585,-47.064116
HOSPITAL GERAL PIRAJUSSARA TABOAO DA SERRA,-23.64047,-46.8098752
SECAO HOSPITAL MUNICIPAL DR ARTHUR DOMINGUES PINTO,-23.9433542,-46.3773884
HOSPITAL VITAL BRAZIL SAO PAULO,-23.5651288,-46.71970470000001
COMPLEXO HOSPITALAR PREFEITO EDIVALDO ORSI,-22.963262,-47.1347819
HOSPITAL ESTADUAL JOAO PAULO II SAO JOSE DO RIO PRETO,-20.8068316,-49.3597824
UNIDADE HOSPITALAR BRASILANDIA FO,-23.4734032,-46.6840088
CENTRO ESP EM REABILITACAO DR ARNALDO PEZZUTI CAVALCANTI MOG,-23.5828994,-46.2447459
HOSPITAL MUNICIPAL JOAQUIM RAIMUNDO GOMES GUAPIARA,-24.1847334,-48.5289583
HOSPITAL ESTADUAL DR ALBANO DA FRANCA ROCHA SOBRINHO,-23.3392751,-46.730165
MATERNIDADE GOTA DE LEITE DE ARARAQUARA,-21.7938684,-48.1788363
HOSPITAL DALILA FERREIRA BARBOSA,-23.3923472,-46.3147257
HOSPITAL E MATERNIDADE MUNICIPAL GOVERNADOR MARIO COVAS,-22.8851877,-47.1955618
HOSPITAL HELIOPOLIS UNIDADE DE GESTAO ASSISTENCIAL I SP,-23.607451,-46.59577700000001
HOSPITAL MUNICIPAL ANTONIO GIGLIO,-23.5322852,-46.7773055
HOSPITAL SAO VICENTE DE PAULA DE ARANDU,-23.1351148,-49.0546461
HOSPITAL DOMINGOS LEONARDO CERAVOLO PRESIDENTE PRUDENTE,-22.136227,-51.3826194
HOSP MUN PIRITUBA JOSE SOARES HUNGRIA,-23.483779,-46.728533
HOSPITAL ESTADUAL DE SERRANA,-21.2127249,-47.60049859999999
HOSPITAL MUNICIPAL DE NAZARE PAULISTA,-23.1611237,-46.3941002
HOSPITAL DE CAMPANHA COVID EMBU DAS ARTES,-23.6498081,-46.8532804
HOSPITAL REGIONAL DE PIRACICABA,-22.7342864,-47.6480644
HOSPITAL DE CAMPANHA COVID 19 RIO CLARO,-22.4107652,-47.5596215
HOSPITAL REGIONAL DO LITORAL NORTE,-23.6580032,-45.4402677
COMPLEXO HOSPITALAR MUNICIPAL,-25.3419443,-54.2425661
HOSPITAL DA MULHER MARIA JOSE DOS SANTOS STEIN,-23.6350871,-46.4996216
HOSPITAL DR OLAVO HORNEAUX DE MOURA SAO VICENTE,-23.9499347,-46.4597761
HOSPITAL NOSSA SENHORA APARECIDA,-16.0587831,-47.9835629
HOSPITAL DE REABILITACAO DE ANOMALIAS CRANIOFACIAIS BAURU,-22.333805,-49.05992699999999
HOSPITAL DR LEOPOLDO BEVILACQUA,-24.7172545,-47.879274
HOSP MUNICIPAL DE URGENCIAS HMU,-23.4524871,-46.5161965
CONJUNTO HOSPITALAR DO MANDAQUI SAO PAULO,-23.4846001,-46.6303924
HOSPITAL DE CAMPANHA COVID 19 PIRASSUNUNGA,-21.9968309,-47.42524030000001
HOSPITAL MUNICIPAL DE IBIUNA IBIUNA SP,-23.6495988,-47.2177125
HOSPITAL E MATERNIDADE MUNICIPAL DE SAO VICENTE,-23.9603273,-46.3968727
HOSPITAL MUNICIPAL DE DIADEMA HMD,-23.691791,-46.5870133
CONJUNTO HOSPITALAR SOROCABA,-23.5092915,-47.4582901
COMPLEXO HOSPITALAR DOS ESTIVADORES,-23.9514129,-46.322084
HOSPITAL MUNICIPAL SOROCABANA,-23.5242624,-46.7014101
CAISM DR DAVID CAPISTRANO DA COSTA FILHO DA AGUA FUNDA SP,-23.6337298,-46.6234786
UNIDADE DE GESTAO ASSISTENCIAL II HOSPITAL IPIRANGA SP,-23.5843411,-46.6115764
HOSPITAL MUNICIPAL IBATE,-21.9545542,-47.9979221
HOSPITAL E MATERNIDADE MUNICIPAL SANTA ANA,-23.4424474,-46.925027
HOSPITAL ESTADUAL DR ODILO ANTUNES DE SIQUEIRA P PRUDENTE,-22.1458486,-51.4536492
CENTRO MEDICO PMESP,-23.4689641,-46.6187653
HOSPITAL MUNICIPAL DA CRIANCA E DO ADOLESCENTE HMCA,-23.4668962,-46.532249
HOSP MUN DR BENEDICTO MONTENEGRO,-23.588119,-46.5143153
HOSPITAL MUNICIPAL DE ITAPIRA,-22.4317804,-46.82686820000001
SECAO HOSPITAL E MATERNIDADE MUNICIPAL DR SILVERIO FONTES,-23.9433188,-46.377509
HOSPITAL MUNICIPAL DE VOTORANTIM,-23.5445016,-47.44956759999999
HOSPITAL REGIONAL JORGE ROSSMANN DE ITANHAEM,-24.1807027,-46.7836782
HOSPITAL MUNICIPAL DE CONCHAS,-23.0181824,-48.01144060000001
DR RUBENS SAVASTANO HOSPITAL REGIONAL DE SAO JOSE DOS CAMPOS,-23.1975162,-45.9131125
HOSPITAL DE CAMPANHA COVID 19 FERNAO DIAS,-23.3225779,-46.5809677
HOSPITAL MUNICIPAL GUARAPIRANGA,-23.7060399,-46.7419224
HOSPITAL E MATERNIDADE HUMBERTO PIVA,-22.7448683,-46.9174829
UNIDADE DE RETAGUARDA DE URGENCIA E DIAGNOSTICO DO MELHADO,-21.8089936,-48.1672482
HOSPITAL DE CAMPANHA COVID 19 ARARAQUARA,-21.8108806,-48.1770414
HOSPITAL DE CAMPANHA COVID 19 HOSPITAL ANCHIETA,-15.8238088,-48.0669087
UNIDADE HOSPITALAR M BOI MIRIM II,-23.6654851,-46.7472337
HOSPITAL MUNICIPAL PIMENTAS BONSUCESSO MANUEL DE PAIVA,-23.4533668,-46.4064848
MATERNIDADE MUNICIPAL DE PERUIBE,-24.3193033,-47.0030388
CENTRO HOSPITALAR DO SISTEMA PENITENCIARIO SAO PAULO,-23.5086988,-46.6194592
HOSPITAL ENF ANTONIO POLICARPO DE OLIVEIRA,-23.4117193,-46.8250973
HOSPITAL GERAL DE CARAPICUIBA,-23.5340765,-46.830433
HOSPITAL ESTADUAL DE DIADEMA HOSPITAL SERRARIA,-23.706527,-46.6088
HOSPITAL MUNICIPAL UNIVERSITARIO DE TAUBATE,-23.0215727,-45.5563493
HOSPITAL KATIA DE SOUZA RODRIGUES TAIPAS SAO PAULO,-23.4552686,-46.6951442
HOSPITAL DE TRANSP DO EST DE SP EURYCLIDES DE JESUS ZERBINI,-23.5423452,-46.3195298
HOSPITAL DE CLINICAS CAMPO LIMPO PAULISTA,-23.2091054,-46.7725541
CENTRO DE ATENCAO INTEGRAL A SAUDE CANTIDIO DE MOURA CAMPOS,-22.9282024,-48.4614007
HOSPITAL PSIQUIATRICO DE VILA MARIANA,-23.589702,-46.6346381
HOSPITAL GERAL DE SAO MATEUS SAO PAULO,-23.5944235,-46.4871575
SANTA CASA DE ITU,-23.2704814,-47.2952924
HOSPITAL DO SERV PUB EST FCO MORATO DE OLIVEIRA SAO PAULO,-23.4811424,-46.6760418
HOSPITAL E MATERNIDADE SAO LUCAS,-23.70571,-46.415479
HOSPITAL MUNICIPAL DE PAULINIA,-22.7697161,-47.1494645
CENTRO HOSPITALAR DE SANTO ANDRE DR NEWTON DA COSTA BRANDAO,-23.6654448,-46.52752659999999
HOSPITAL SAO JOSE ITIRAPINA,-22.249813,-47.8224301
HOSPITAL MUNICIPAL DR TABAJARA RAMOS,-22.3785837,-46.9410878
CENTRO DE REABILITACAO DE CASA BRANCA,-21.778942,-47.019869
HOSPITAL MUNICIPAL DE IEPE,-22.6598932,-51.0791495
HOSP MUN VER JOSE STOROPOLLI, 25.3707993,-86.47339029999999
CAIS CENTRO ATENCAO INTEGRAL SAUDE SANTA RITA PASSA QUATRO,-21.7059243,-47.4796909
HOSPITAL ESTADUAL PORTO PRIMAVERA ROSANA,-22.5307953,-52.9483964
INSTITUTO DO CANCER DO ESTADO DE SAO PAULO,-23.5560378,-46.6681363
HOSPITAL DE CLINICAS DR RADAMES NARDINI,-23.6726807,-46.4503833
HOSPITAL DE URGENCIA,-31.4128309,-64.1759371
HOSPITAL ANCHIETA,-15.8238088,-48.0669087
HOSPITAL MATERNIDADE AMADOR AGUIAR,-23.5070387,-46.7880818
HOSP MUN DR CARMINO CARICCHIO,-23.5331594,-46.5663499
HOSPITAL DE CAMPANHA COVID 19 CAIEIRAS,-23.362065,-46.7466172
HOSPITAL MUNICIPAL CAPELA DO SOCORRO,-23.5844809,-46.7388583
HOSP MUN PROF DR WALDOMIRO DE PAULA,-23.5310929,-46.4445184
COVID 19 CENTRO DE COMBATE AO CORONAVIRUS CCC JANDIRA,-23.530218,-46.8981019
HOSPITAL ESTADUAL COVID 19 AME BARRETOS,-20.5741243,-48.5876809
HOSPITAL DE CAMPANHA COVID 19 DE IRACEMAPOLIS,-22.5809288,-47.5176074
HOSPITAL MUNICIPAL BRIGADEIRO,-23.5827504,-46.66748579999999
HOSP MUN M BOI MIRIM,-23.6983898,-46.7793831
HOSPITAL ESTADUAL SUMARE,-22.816655,-47.2416309
HOSPITAL GERAL DE ITAQUAQUECETUBA,-23.4723131,-46.3454386
HOSPITAL REGIONAL DR VIVALDO MARTINS SIMOES OSASCO,-23.524854,-46.7717743
HOSPITAL ESTADUAL DE MIRANDOPOLIS DR OSWALDO BRANDI FARIA,-21.1486496,-51.1033613
HOSPITAL GERAL DE VILA PENTEADO DR JOSE PANGELLA SAO PAULO,-23.485263,-46.69513509999999
HOSPITAL ESTADUAL BAURU,-22.338597,-49.0280905
COMPLEXO HOSPITALAR IRMA DULCE O S S,-24.0047055,-46.4188652
HOSPITAL E MATERNIDADE LEONOR MENDES DE BARROS SAO PAULO,-23.535934,-46.588712
HOSPITAL ESTADUAL DE VILA ALPINA ORG SOCIAL SECONCI SAO PAUL,-23.5929081,-46.56071679999999
HOSPITAL REGIONAL SUL SAO PAULO,-23.6554039,-46.7058112
HOSPITAL REGIONAL DE ASSIS,-22.6601936,-50.4101121
HOSPITAL MUNICIPAL WALTER FERRARI,-22.7026202,-46.9953435
UNIDADE HOSPITALAR BUTANTA,-23.5634872,-46.7210095
CENTRO DE REFERENCIA DA SAUDE DA MULHER SAO PAULO,-23.4840344,-46.6309028
HOSPITAL MUNICIPAL MARIA ROSA CARDOSO,-24.2259388,-48.7678927
HOSPITAL GERAL JESUS TEIXEIRA DA COSTA GUAIANASES SAO PAULO,-23.5525245,-46.4051442
HOSPITAL INFANTIL CANDIDO FONTOURA SAO PAULO,-23.5519615,-46.5851953
HOSPITAL NESTOR GOULART REIS AMERICO BRASILIENSE,-21.7401452,-48.1216976
HOSP EST ESPEC EM REABILIT DR FRANCISCO RIBEIRO ARANTES,-23.3837306,-47.3374221
HOSP MUN V NHOCUNE ALEXANDRE ZAIO,-23.5430237,-46.5022609
HOSPITAL MUNICIPAL SANTO ANTONIO,-27.0953166,-48.624438
CENTRO DE REFERENCIA E TREINAMENTO DST AIDS SAO PAULO,-23.5967339,-46.6358568
MATERNIDADE MUNICIPAL ZORAIDE EVA DAS DORES,-23.7220543,-46.8557976
HOSPITAL REGIONAL DE COTIA,-23.6089653,-46.9205267
QUARTEIRAO DA SAUDE,-23.6860757,-46.617227
INST DE INFECT EMILIO RIBAS II BAIXADA SANTISTA,-23.9501403,-46.2913027
HOSPITAL ESTADUAL COVID19 FRANCA,-46.227638,-2.213749
UPA DO EDEN UNIDADE DE ATENDIMENTO DE SINDROME GRIPAL,-23.429189,-47.4154773
HOSPITAL ESTADUAL COVID 19 AME ANDRADINA,-20.8996722,-51.3732622
HOSPITAL ESTADUAL DE CAMPANHA COVID 19 ITAPEVA,-23.9841217,-48.8811572
HOSPITAL DE CAMPANHA COVID 19 UPA ZONA LESTE,-23.9715459,-46.3019268
HOSPITAL DE CAMPANHA COVID 19 OSASCO,-23.5326334,-46.7915243
COMPLEXO HOSPITALAR MUNICIPAL SOROCABANA,-23.5242624,-46.7014101
HOSPITAL DE CAMPANHA COVID 19 MUNICIPIO DE TAUBATE,-23.024996,-45.5638792
UPH ZONA NORTE UNIDADE DE ATENDIMENTO DE SINDROME GRIPAL,-23.4836671,-47.4720764
HOSPITAL ESTADUAL DE COVID 19 AME CAMPINAS,-22.9157092,-47.0705857
HOSPITAL ESTADUAL COVID 19 AME BOTUCATU,-22.8873233,-48.444658
UPH ZONA LESTE UNIDADE DE ATENDIMENTO DE SINDROME GRIPAL,-23.5133012,-47.4299591
HOSPITAL SAO CAETANO,-23.6188858,-46.5723864
HOSPITAL CAMPANHA DO MUNICIPIO DE CAJAMAR,-23.3358524,-46.8401443
HOSPITAL DE BASE DE SAO JOSE DO RIO PRETO,-20.8281507,-49.3976094